source_url,title,price,location,area,beds,baths,link,image_url,added_date
https://www.zameen.com/Houses_Property/5marla-sale/Lahore_Paragon_City-1014.html,6 Marla House For Sale In Paragon City Lahore,PKR 2.25 Crore,"Paragon City, Lahore",6 Marla,3,4,https://www.zameen.com/Property/lahore_paragon_city_6_marla_house_for_sale_in_paragon_city_lahore-49963515-1014-1.html,https://media.zameen.com/thumbnails/305710445-400x300.jpeg,Added: 6 hours ago
https://www.zameen.com/Houses_Property/5marla-sale/Lahore_Paragon_City-1014.html,BEAUTIFUL HOUSE FOR SALE AVAILABLE,PKR 2.25 Crore,"Paragon City, Lahore",6 Marla,3,4,https://www.zameen.com/Property/lahore_paragon_city_beautiful_house_for_sale_available-54536622-1014-1.html,https://media.zameen.com/thumbnails/305284203-400x300.jpeg,Added: 7 hours ago
https://www.zameen.com/Houses_Property/5marla-sale/Lahore_Paragon_City-1014.html,Zameen Vault,PKR 2.28 Crore,,,,,,,
https://www.zameen.com/Houses_Property/5marla-sale/Lahore_Paragon_City-1014.html,4 Marla House For Sale In Paragon City Lahore,PKR 1.9 Crore,"Paragon City, Lahore",4 Marla,3,4,https://www.zameen.com/Property/lahore_paragon_city_4_marla_house_for_sale_in_paragon_city_lahore-50902426-1014-1.html,https://media.zameen.com/thumbnails/304045193-400x300.jpeg,Added: 1 day ago
https://www.zameen.com/Houses_Property/5marla-sale/Lahore_Paragon_City-1014.html,5 Marla Brand New Designer House For Sale In Paragon City | Affordable Luxury,PKR 2.8 Crore,"Paragon City - Orchard Block, Paragon City",5 Marla,,,https://www.zameen.com/Property/paragon_city_paragon_city_-_orchard_block_5_marla_brand_new_designer_house_for_sale_in_paragon_city_affordable_luxury-54758878-4113-1.html,https://media.zameen.com/thumbnails/307406291-400x300.jpeg,Added: 2 days ago
https://www.zameen.com/Houses_Property/5marla-sale/Lahore_Paragon_City-1014.html,Madison Square Central,PKR 64.9 Lakh,,,,,,,
https://www.zameen.com/Houses_Property/5marla-sale/Lahore_Paragon_City-1014.html,5 Marla House For Sale In Paragon City Lahore,PKR 2.8 Crore,"Paragon City - Woods Block, Paragon City",5 Marla,3,4,https://www.zameen.com/Property/paragon_city_paragon_city_-_woods_block_5_marla_house_for_sale_in_paragon_city_lahore-50641551-4114-1.html,,Added: 3 days ago
https://www.zameen.com/Houses_Property/5marla-sale/Lahore_Paragon_City-1014.html,Prime Location 5 Marla House For Sale In Paragon City - Imperial 2 Block Lahore,PKR 2.6 Crore,"Paragon City - Imperial 2 Block, Paragon City",5 Marla,3,3,https://www.zameen.com/Property/paragon_city_paragon_city_-_imperial_2_block_prime_location_5_marla_house_for_sale_in_paragon_city_-_imperial_2_block_lahore-54325513-9247-1.html,,Added: 4 days ago
https://www.zameen.com/Houses_Property/5marla-sale/Lahore_Paragon_City-1014.html,4 Marla House For Sale In Imperial 2 Paragon City,PKR 1.95 Crore,"Paragon City - Imperial 2 Block, Paragon City",4 Marla,4,4,https://www.zameen.com/Property/paragon_city_paragon_city_-_imperial_2_block_4_marla_house_for_sale_in_imperial_2_paragon_city-54699289-9247-1.html,,Added: 1 week ago
https://www.zameen.com/Houses_Property/5marla-sale/Lahore_Paragon_City-1014.html,4 Marla Brand New Modern Design House Available For Sale,PKR 2.35 Crore,"Paragon City - Woods Block, Paragon City",4 Marla,3,4,https://www.zameen.com/Property/paragon_city_paragon_city_-_woods_block_4_marla_brand_new_modern_design_house_available_for_sale-54661625-4114-1.html,,Added: 1 week ago
https://www.zameen.com/Houses_Property/5marla-sale/Lahore_Paragon_City-1014.html,6 Marla House For Sale In Paragon City Lahore,PKR 2.25 Crore,"Paragon City, Lahore",6 Marla,3,4,https://www.zameen.com/Property/lahore_paragon_city_6_marla_house_for_sale_in_paragon_city_lahore-50916197-1014-1.html,,Added: 2 hours ago
https://www.zameen.com/Houses_Property/5marla-sale/Lahore_Paragon_City-1014.html,5 Marla House For Sale In Paragon City,PKR 2.3 Crore,"Paragon City, Lahore",5 Marla,3,4,https://www.zameen.com/Property/lahore_paragon_city_5_marla_house_for_sale_in_paragon_city-54640925-1014-1.html,,Added: 2 hours ago
https://www.zameen.com/Houses_Property/5marla-sale/Lahore_Paragon_City-1014.html,5 Marla House For Sale In Paragon City Lahore,PKR 2.7 Crore,"Paragon City, Lahore",5 Marla,3,4,https://www.zameen.com/Property/lahore_paragon_city_5_marla_house_for_sale_in_paragon_city_lahore-50955197-1014-1.html,,Added: 3 hours ago
https://www.zameen.com/Houses_Property/5marla-sale/Lahore_Paragon_City-1014.html,Brand New 5 Marla Designer Bungalow For Sale In Paragon City | Affordable Luxury,PKR 2.85 Crore,"Paragon City - Woods Block, Paragon City",5 Marla,3,3,https://www.zameen.com/Property/paragon_city_paragon_city_-_woods_block_brand_new_5_marla_designer_bungalow_for_sale_in_paragon_city_affordable_luxury-54735815-4114-1.html,,Added: 4 hours ago
https://www.zameen.com/Houses_Property/5marla-sale/Lahore_Paragon_City-1014.html,5 Marla House For Sale In Paragon City Lahore,PKR 2.35 Crore,"Paragon City, Lahore",5 Marla,3,4,https://www.zameen.com/Property/lahore_paragon_city_5_marla_house_for_sale_in_paragon_city_lahore-50655928-1014-1.html,,Added: 5 hours ago
https://www.zameen.com/Houses_Property/5marla-sale/Lahore_Paragon_City-1014.html,4 Marla House For Sale In Paragon City Lahore,PKR 2.1 Crore,"Paragon City, Lahore",4 Marla,3,4,https://www.zameen.com/Property/lahore_paragon_city_4_marla_house_for_sale_in_paragon_city_lahore-50644904-1014-1.html,,Added: 5 hours ago
https://www.zameen.com/Houses_Property/5marla-sale/Lahore_Paragon_City-1014.html,4 Marla Brand New Modern Design House Available For Sale,PKR 2.3 Crore,"Paragon City - Woods Block, Paragon City",4 Marla,,,https://www.zameen.com/Property/paragon_city_paragon_city_-_woods_block_4_marla_brand_new_modern_design_house_available_for_sale-54676597-4114-1.html,,Added: 5 hours ago
https://www.zameen.com/Houses_Property/5marla-sale/Lahore_Paragon_City-1014.html,5 Marla House For Sale In Pargon City,PKR 2.6 Crore,"Paragon City - Orchard Block, Paragon City",5 Marla,,,https://www.zameen.com/Property/paragon_city_paragon_city_-_orchard_block_5_marla_house_for_sale_in_pargon_city-54676833-4113-1.html,,Added: 5 hours ago
https://www.zameen.com/Houses_Property/5marla-sale/Lahore_Paragon_City-1014.html,4 Marla House For Sale In Paragon City Lahore,PKR 2.1 Crore,"Paragon City, Lahore",4 Marla,3,4,https://www.zameen.com/Property/lahore_paragon_city_4_marla_house_for_sale_in_paragon_city_lahore-50680757-1014-1.html,,Added: 6 hours ago
https://www.zameen.com/Houses_Property/5marla-sale/Lahore_Paragon_City-1014.html,5 Marla House For Sale In Paragon City Lahore,PKR 2.95 Crore,"Paragon City, Lahore",5 Marla,3,4,https://www.zameen.com/Property/lahore_paragon_city_5_marla_house_for_sale_in_paragon_city_lahore-50719470-1014-1.html,,Added: 50 minutes ago
https://www.zameen.com/Houses_Property/5marla-sale/Lahore_Paragon_City-1014.html,5 Marla House For Sale In Paragon City Lahore,PKR 2.8 Crore,"Paragon City, Lahore",5 Marla,3,4,https://www.zameen.com/Property/lahore_paragon_city_5_marla_house_for_sale_in_paragon_city_lahore-50891803-1014-1.html,,Added: 51 minutes ago
https://www.zameen.com/Houses_Property/5marla-sale/Lahore_Paragon_City-1014.html,Brand-New Owner-Built 5 Marla Bungalow For Sale In Paragon City | Affordable Luxury,PKR 2.6 Crore,"Paragon City - Orchard Block, Paragon City",5 Marla,3,3,https://www.zameen.com/Property/paragon_city_paragon_city_-_orchard_block_brand-new_owner-built_5_marla_bungalow_for_sale_in_paragon_city_affordable_luxury-54569327-4113-1.html,,Added: 1 hour ago
https://www.zameen.com/Houses_Property/5marla-sale/Lahore_Paragon_City-1014.html,Brand-New Modern 5 Marla Bungalow For Sale In Paragon City | Ideal Family House,PKR 2.35 Crore,"Paragon City - Orchard Block, Paragon City",5 Marla,3,3,https://www.zameen.com/Property/paragon_city_paragon_city_-_orchard_block_brand-new_modern_5_marla_bungalow_for_sale_in_paragon_city_ideal_family_house-54569301-4113-1.html,,Added: 1 hour ago
https://www.zameen.com/Houses_Property/5marla-sale/Lahore_Paragon_City-1014.html,6 Marla Company-Built House For Sale In Imperial Homes,PKR 2.24 Crore,"Imperial Garden Homes, Paragon City",6 Marla,3,3,https://www.zameen.com/Property/paragon_city_imperial_garden_homes_6_marla_company-built_house_for_sale_in_imperial_homes-54599274-4119-1.html,,Added: 1 hour ago
https://www.zameen.com/Houses_Property/5marla-sale/Lahore_Paragon_City-1014.html,5 Marla House For Sale In Paragon City Lahore,PKR 2.1 Crore,"Paragon City, Lahore",5 Marla,3,4,https://www.zameen.com/Property/lahore_paragon_city_5_marla_house_for_sale_in_paragon_city_lahore-50886192-1014-1.html,,Added: 2 hours ago
https://www.zameen.com/Houses_Property/5marla-sale/Lahore_Paragon_City-1014.html,5 Marla House For Sale In Paragon City Lahore,PKR 2.5 Crore,"Paragon City, Lahore",5 Marla,3,6,https://www.zameen.com/Property/lahore_paragon_city_5_marla_house_for_sale_in_paragon_city_lahore-50745516-1014-1.html,,Added: 3 hours ago
https://www.zameen.com/Houses_Property/5marla-sale/Lahore_Paragon_City-1014.html,5 Marla Perfect Home For Comfortable Living,PKR 2.25 Crore,"Paragon City - Orchard 1 Block, Paragon City",5 Marla,3,4,https://www.zameen.com/Property/paragon_city_paragon_city_-_orchard_1_block_5_marla_perfect_home_for_comfortable_living-54392848-9249-1.html,,Added: 4 hours ago
https://zameen.com/Houses_Property/10marla-sale/Lahore_Paragon_City-1014-1.html,10 Marla House For Sale In Paragon City Lahore,PKR 4.25 Crore,"Paragon City, Lahore",10 Marla,5,6,https://www.zameen.com/Property/lahore_paragon_city_10_marla_house_for_sale_in_paragon_city_lahore-50901746-1014-1.html,https://media.zameen.com/thumbnails/300017579-400x300.jpeg,Added: 1 day ago
https://zameen.com/Houses_Property/10marla-sale/Lahore_Paragon_City-1014-1.html,**Owner-Built 10 Marla Bungalow For Sale In Paragon City | 15KW Solar | 7 Inverter ACs**,PKR 5.2 Crore,"Paragon City - Imperial 1 Block, Paragon City",10 Marla,4,5,https://www.zameen.com/Property/paragon_city_paragon_city_-_imperial_1_block_owner-built_10_marla_bungalow_for_sale_in_paragon_city_15kw_solar_7_inverter_acs-54646717-9246-1.html,https://media.zameen.com/thumbnails/306384145-400x300.jpeg,Added: 1 day ago
https://zameen.com/Houses_Property/10marla-sale/Lahore_Paragon_City-1014-1.html,Zameen Vault,PKR 2.28 Crore,,,,,,,
https://zameen.com/Houses_Property/10marla-sale/Lahore_Paragon_City-1014-1.html,10 Marla Owner-Built Bungalow For Sale | Imperial Block Paragon City | Prime Location,PKR 5.25 Crore,"Paragon City - Imperial Block, Paragon City",10 Marla,4,4,https://www.zameen.com/Property/paragon_city_paragon_city_-_imperial_block_10_marla_owner-built_bungalow_for_sale_imperial_block_paragon_city_prime_location-54735757-9245-1.html,https://media.zameen.com/thumbnails/307193643-400x300.jpeg,Added: 1 day ago
https://zameen.com/Houses_Property/10marla-sale/Lahore_Paragon_City-1014-1.html,12 Marla House For Sale In Imperial Home Paragon City,PKR 4.3 Crore,"Paragon City - Imperial Block, Paragon City",12 Marla,4,5,https://www.zameen.com/Property/paragon_city_paragon_city_-_imperial_block_12_marla_house_for_sale_in_imperial_home_paragon_city-54744425-9245-1.html,https://media.zameen.com/thumbnails/307272399-400x300.jpeg,Added: 5 days ago
https://zameen.com/Houses_Property/10marla-sale/Lahore_Paragon_City-1014-1.html,The Walk By Icon,PKR 12.45 Crore,,,,,,,
https://zameen.com/Houses_Property/10marla-sale/Lahore_Paragon_City-1014-1.html,8 Marla House For Sale In Paragon City Lahore,PKR 3.95 Crore,"Paragon City, Lahore",8 Marla,4,5,https://www.zameen.com/Property/lahore_paragon_city_8_marla_house_for_sale_in_paragon_city_lahore-50920023-1014-1.html,,Added: 52 minutes ago
https://zameen.com/Houses_Property/10marla-sale/Lahore_Paragon_City-1014-1.html,Brand New 10 Marla Spanish House For Sale In Paragon City Lahore,PKR 6 Crore,"Paragon City, Lahore",10 Marla,5,6,https://www.zameen.com/Property/lahore_paragon_city_brand_new_10_marla_spanish_house_for_sale_in_paragon_city_lahore-52077999-1014-1.html,,Added: 53 minutes ago
https://zameen.com/Houses_Property/10marla-sale/Lahore_Paragon_City-1014-1.html,Brand New 10 Marla Modern Bungalow For Sale | Woods Block Paragon City | Luxury Living,PKR 5.9 Crore,"Paragon City - Woods Block, Paragon City",10 Marla,4,5,https://www.zameen.com/Property/paragon_city_paragon_city_-_woods_block_brand_new_10_marla_modern_bungalow_for_sale_woods_block_paragon_city_luxury_living-54735798-4114-1.html,,Added: 1 hour ago
https://zameen.com/Houses_Property/10marla-sale/Lahore_Paragon_City-1014-1.html,Brand New 10 Marla House For Sale In Paragon City Orchard Green 5 Bed | A+ Construction | Prime Location,PKR 4.7 Crore,"Paragon City, Lahore",10 Marla,5,5,https://www.zameen.com/Property/lahore_paragon_city_brand_new_10_marla_house_for_sale_in_paragon_city_orchard_green_5_bed_a_construction_prime_location-54149156-1014-1.html,,Added: 2 hours ago
https://zameen.com/Houses_Property/10marla-sale/Lahore_Paragon_City-1014-1.html,10 Marla House For Sale In Paragon City Lahore,PKR 5.2 Crore,"Paragon City, Lahore",10 Marla,5,6,https://www.zameen.com/Property/lahore_paragon_city_10_marla_house_for_sale_in_paragon_city_lahore-50911011-1014-1.html,,Added: 8 hours ago
https://zameen.com/Houses_Property/10marla-sale/Lahore_Paragon_City-1014-1.html,10 Marla House For Sale In Paragon City Lahore,PKR 4.5 Crore,"Paragon City, Lahore",10 Marla,5,6,https://www.zameen.com/Property/lahore_paragon_city_10_marla_house_for_sale_in_paragon_city_lahore-54297544-1014-1.html,,Added: 10 hours ago
https://zameen.com/Houses_Property/10marla-sale/Lahore_Paragon_City-1014-1.html,10 Marla House For Sale In Paragon City Lahore,PKR 4.5 Crore,"Paragon City, Lahore",10 Marla,5,6,https://www.zameen.com/Property/lahore_paragon_city_10_marla_house_for_sale_in_paragon_city_lahore-50891566-1014-1.html,,Added: 21 hours ago
https://zameen.com/Houses_Property/10marla-sale/Lahore_Paragon_City-1014-1.html,10 Marla House For Sale In Paragon City Lahore,PKR 4.5 Crore,"Paragon City, Lahore",10 Marla,5,6,https://www.zameen.com/Property/lahore_paragon_city_10_marla_house_for_sale_in_paragon_city_lahore-50797108-1014-1.html,,Added: 23 hours ago
https://zameen.com/Houses_Property/10marla-sale/Lahore_Paragon_City-1014-1.html,10 Marla House For Sale In Paragon City Lahore,PKR 5.2 Crore,"Paragon City, Lahore",10 Marla,5,6,https://www.zameen.com/Property/lahore_paragon_city_10_marla_house_for_sale_in_paragon_city_lahore-50908716-1014-1.html,,Added: 1 day ago
https://zameen.com/Houses_Property/10marla-sale/Lahore_Paragon_City-1014-1.html,10 Marla House For Sale In Paragon City Lahore,PKR 5.55 Crore,"Paragon City, Lahore",10 Marla,5,6,https://www.zameen.com/Property/lahore_paragon_city_10_marla_house_for_sale_in_paragon_city_lahore-50907568-1014-1.html,,Added: 1 day ago
https://zameen.com/Houses_Property/10marla-sale/Lahore_Paragon_City-1014-1.html,10 Marla Dream House For Modern Family Living,PKR 4.65 Crore,"Paragon City - Orchard Block, Paragon City",10 Marla,5,5,https://www.zameen.com/Property/paragon_city_paragon_city_-_orchard_block_10_marla_dream_house_for_modern_family_living-54332997-4113-1.html,,Added: 1 day ago
https://zameen.com/Houses_Property/10marla-sale/Lahore_Paragon_City-1014-1.html,10 Marla Lavish Bungalow for sale in Paragon city,PKR 6 Crore,"Paragon City - Orchard 1 Block, Paragon City",10 Marla,4,5,https://www.zameen.com/Property/paragon_city_paragon_city_-_orchard_1_block_10_marla_lavish_bungalow_for_sale_in_paragon_city-54392879-9249-1.html,,Added: 1 day ago
https://zameen.com/Houses_Property/10marla-sale/Lahore_Paragon_City-1014-1.html,10 Marla House For Sale In Paragon City Lahore,PKR 4.5 Crore,"Paragon City, Lahore",10 Marla,5,6,https://www.zameen.com/Property/lahore_paragon_city_10_marla_house_for_sale_in_paragon_city_lahore-50904469-1014-1.html,,Added: 1 day ago
https://zameen.com/Houses_Property/10marla-sale/Lahore_Paragon_City-1014-1.html,10 marla house for sale in paragon city lahore,PKR 4.95 Crore,"Paragon City, Lahore",10 Marla,5,6,https://www.zameen.com/Property/lahore_paragon_city_10_marla_house_for_sale_in_paragon_city_lahore-50931098-1014-1.html,,Added: 2 hours ago
https://zameen.com/Houses_Property/10marla-sale/Lahore_Paragon_City-1014-1.html,10 Marla House For Sale In Paragon City Lahore,PKR 4.1 Crore,"Paragon City, Lahore",10 Marla,5,6,https://www.zameen.com/Property/lahore_paragon_city_10_marla_house_for_sale_in_paragon_city_lahore-50697267-1014-1.html,,Added: 3 hours ago
https://zameen.com/Houses_Property/10marla-sale/Lahore_Paragon_City-1014-1.html,12 Marla Owner Built Well-Maintained Bungalow For Sale In Paragon City Lahore,PKR 5.5 Crore,"Paragon City - Imperial Block, Paragon City",12 Marla,4,5,https://www.zameen.com/Property/paragon_city_paragon_city_-_imperial_block_12_marla_owner_built_well-maintained_bungalow_for_sale_in_paragon_city_lahore-54317681-9245-1.html,,Added: 4 hours ago
https://zameen.com/Houses_Property/10marla-sale/Lahore_Paragon_City-1014-1.html,10 Marla House For Sale In Paragon City Lahore,PKR 4.5 Crore,"Paragon City, Lahore",10 Marla,5,6,https://www.zameen.com/Property/lahore_paragon_city_10_marla_house_for_sale_in_paragon_city_lahore-51043633-1014-1.html,,Added: 6 hours ago
https://zameen.com/Houses_Property/10marla-sale/Lahore_Paragon_City-1014-1.html,10 Marla Brand-New Designer Bungalow For Sale In Paragon City Orchards Block,PKR 5.55 Crore,"Paragon City - Orchard Block, Paragon City",10 Marla,4,5,https://www.zameen.com/Property/paragon_city_paragon_city_-_orchard_block_10_marla_brand-new_designer_bungalow_for_sale_in_paragon_city_orchards_block-54568429-4113-1.html,,Added: 6 hours ago
https://zameen.com/Houses_Property/10marla-sale/Lahore_Paragon_City-1014-1.html,10 Marla House For Sale In Paragon City Lahore,PKR 4.5 Crore,"Paragon City, Lahore",10 Marla,5,6,https://www.zameen.com/Property/lahore_paragon_city_10_marla_house_for_sale_in_paragon_city_lahore-51035735-1014-1.html,,Added: 8 hours ago
https://zameen.com/Houses_Property/10marla-sale/Lahore_Paragon_City-1014-1.html,"10 Marla Slightly Used, Well-Maintained House for Sale in Paragon City Prime Location",PKR 4.2 Crore,"Paragon City - Imperial Block, Paragon City",10 Marla,5,6,https://www.zameen.com/Property/paragon_city_paragon_city_-_imperial_block_10_marla_slightly_used_well-maintained_house_for_sale_in_paragon_city_prime_location-53889806-9245-1.html,,Added: 8 hours ago
https://zameen.com/Houses_Property/10marla-sale/Lahore_Paragon_City-1014-1.html,10 Marla Slightly Used House For Sale Prime Location In Paragon City,PKR 3.89 Crore,"Paragon City, Lahore",10 Marla,5,6,https://www.zameen.com/Property/lahore_paragon_city_10_marla_slightly_used_house_for_sale_prime_location_in_paragon_city-53894450-1014-1.html,,Added: 8 hours ago
https://www.zameen.com/Plots/5marla-sale/Lahore_Paragon_City-1014.html,5 Marla Plot Available in Paragon City on instalments,PKR 1.25 Crore,"Paragon City - Imperial 2 Block, Paragon City",5 Marla,,,https://www.zameen.com/Property/paragon_city_paragon_city_-_imperial_2_block_5_marla_plot_available_in_paragon_city_on_instalments-54679641-9247-2.html,https://media.zameen.com/thumbnails/306640147-400x300.jpeg,Added: 3 weeks ago
https://www.zameen.com/Plots/5marla-sale/Lahore_Paragon_City-1014.html,5 Marla Residential Plot File Is Available For Sale In Paragon City Imperial 2 Block Lahore,PKR 12.5 Lakh,"Paragon City - Imperial 2 Block, Paragon City",5 Marla,,,https://www.zameen.com/Property/paragon_city_paragon_city_-_imperial_2_block_5_marla_residential_plot_file_is_available_for_sale_in_paragon_city_imperial_2_block_lahore-54694355-9247-2.html,https://media.zameen.com/thumbnails/306815513-400x300.jpeg,Added: 2 weeks ago
https://www.zameen.com/Plots/5marla-sale/Lahore_Paragon_City-1014.html,Zameen Vault,PKR 2.28 Crore,,,,,,,
https://www.zameen.com/Plots/5marla-sale/Lahore_Paragon_City-1014.html,4 Marla Residential Plot - Paragon City Imperial II | Booking 4.95 Lac Only,PKR 99 Lakh,"Paragon City - Imperial 2 Block, Paragon City",4 Marla,,,https://www.zameen.com/Property/paragon_city_paragon_city_-_imperial_2_block_4_marla_residential_plot_-_paragon_city_imperial_ii_booking_4_95_lac_only-54597613-9247-2.html,https://images.zameen.com/smap/400/300/31.531355/74.463057/image.jpeg?quality=80&imageformat=jpeg,Added: 1 week ago
https://www.zameen.com/Plots/5marla-sale/Lahore_Paragon_City-1014.html,5 Marla Residential Plot - Paragon City Imperial II | Booking 6.25 Lac Only,PKR 1.25 Crore,"Paragon City - Imperial 2 Block, Paragon City",5 Marla,,,https://www.zameen.com/Property/paragon_city_paragon_city_-_imperial_2_block_5_marla_residential_plot_-_paragon_city_imperial_ii_booking_6_25_lac_only-54610111-9247-2.html,https://images.zameen.com/smap/400/300/31.531355/74.463057/image.jpeg?quality=80&imageformat=jpeg,Added: 1 week ago
https://www.zameen.com/Plots/5marla-sale/Lahore_Paragon_City-1014.html,Damaan City,PKR 57.48 Lakh,,,,,,,
https://www.zameen.com/Plots/5marla-sale/Lahore_Paragon_City-1014.html,5 Marla Plot For Sale On Easy Installment Plan,PKR 1.25 Crore,"Paragon City, Lahore",5 Marla,,,https://www.zameen.com/Property/lahore_paragon_city_5_marla_plot_for_sale_on_easy_installment_plan-54749894-1014-2.html,,Added: 16 hours ago
https://www.zameen.com/Plots/5marla-sale/Lahore_Paragon_City-1014.html,4 Marla Residential Plots Paragon Imperial II Block | Booking Sirf 4.95 lac Se,PKR 99 Lakh,"Paragon City - Imperial 2 Block, Paragon City",4 Marla,,,https://www.zameen.com/Property/paragon_city_paragon_city_-_imperial_2_block_4_marla_residential_plots_paragon_imperial_ii_block_booking_sirf_4_95_lac_se-54634046-9247-2.html,,Added: 1 day ago
https://www.zameen.com/Plots/5marla-sale/Lahore_Paragon_City-1014.html,5 Marla Residential Plot Is Available For Sale In Paragon City Imperial 2 Block Lahore,PKR 1.25 Crore,"Paragon City - Imperial 2 Block, Paragon City",5 Marla,,,https://www.zameen.com/Property/paragon_city_paragon_city_-_imperial_2_block_5_marla_residential_plot_is_available_for_sale_in_paragon_city_imperial_2_block_lahore-54725041-9247-2.html,,Added: 2 days ago
https://www.zameen.com/Plots/5marla-sale/Lahore_Paragon_City-1014.html,4 Marla Residential Plot Is Available For Sale In Paragon City Imperial 2 Block Lahore,PKR 99 Lakh,"Paragon City - Imperial 2 Block, Paragon City",4 Marla,,,https://www.zameen.com/Property/paragon_city_paragon_city_-_imperial_2_block_4_marla_residential_plot_is_available_for_sale_in_paragon_city_imperial_2_block_lahore-54725029-9247-2.html,,Added: 2 days ago
https://www.zameen.com/Plots/5marla-sale/Lahore_Paragon_City-1014.html,5 Marla Confirm Plot Orchard Green,PKR 1.15 Crore,"Paragon City, Lahore",5 Marla,,,https://www.zameen.com/Property/lahore_paragon_city_5_marla_confirm_plot_orchard_green-54707947-1014-2.html,,Added: 3 days ago
https://www.zameen.com/Plots/5marla-sale/Lahore_Paragon_City-1014.html,Aesthetic Commercial Plot Of 4 Marla For Sale Is Available,PKR 1.85 Crore,"Paragon City, Lahore",4 Marla,,,https://www.zameen.com/Property/lahore_paragon_city_aesthetic_commercial_plot_of_4_marla_for_sale_is_available-54291176-1014-2.html,,Added: 3 days ago
https://www.zameen.com/Plots/5marla-sale/Lahore_Paragon_City-1014.html,4 Marla Commercial Plot For Sale In Imperial 2 Blcok Paragon City Lahore,PKR 1.25 Crore,"Paragon City - Imperial 2 Block, Paragon City",4 Marla,,,https://www.zameen.com/Property/paragon_city_paragon_city_-_imperial_2_block_4_marla_commercial_plot_for_sale_in_imperial_2_blcok_paragon_city_lahore-54686540-9247-2.html,,Added: 5 days ago
https://www.zameen.com/Plots/5marla-sale/Lahore_Paragon_City-1014.html,A Centrally Located Residential Plot Is Available For sale In Lahore,PKR 1.1 Crore,"Paragon City - Orchard Block, Paragon City",5 Marla,,,https://www.zameen.com/Property/paragon_city_paragon_city_-_orchard_block_a_centrally_located_residential_plot_is_available_for_sale_in_lahore-54208493-4113-2.html,,Added: 2 weeks ago
https://www.zameen.com/Plots/5marla-sale/Lahore_Paragon_City-1014.html,A Centrally Located Residential Plot Is Available For sale In Lahore,PKR 1.8 Crore,"Paragon City - Grove Block, Paragon City",4 Marla,,,https://www.zameen.com/Property/paragon_city_paragon_city_-_grove_block_a_centrally_located_residential_plot_is_available_for_sale_in_lahore-54208495-4118-2.html,,Added: 2 weeks ago
https://www.zameen.com/Plots/5marla-sale/Lahore_Paragon_City-1014.html,5 Marla Plot Available For Sale,PKR 1.2 Crore,"Paragon City, Lahore",5 Marla,,,https://www.zameen.com/Property/lahore_paragon_city_5_marla_plot_available_for_sale-54711654-1014-2.html,,Added: 2 weeks ago
https://www.zameen.com/Plots/5marla-sale/Lahore_Paragon_City-1014.html,5 Marla Plot For Sale In Paragon City Lahore,PKR 1.1 Crore,"Paragon City, Lahore",5 Marla,,,https://www.zameen.com/Property/lahore_paragon_city_5_marla_plot_for_sale_in_paragon_city_lahore-49679950-1014-2.html,,Added: 3 weeks ago
https://www.zameen.com/Plots/5marla-sale/Lahore_Paragon_City-1014.html,4 Marla Plot For Sale In Paragon City Lahore,PKR 90 Lakh,"Paragon City, Lahore",4 Marla,,,https://www.zameen.com/Property/lahore_paragon_city_4_marla_plot_for_sale_in_paragon_city_lahore-49722707-1014-2.html,,Added: 3 weeks ago
https://www.zameen.com/Plots/5marla-sale/Lahore_Paragon_City-1014.html,5 Marla Plots For Sale In Paragon City Lahore,PKR 1.1 Crore,"Paragon City, Lahore",5 Marla,,,https://www.zameen.com/Property/lahore_paragon_city_5_marla_plots_for_sale_in_paragon_city_lahore-49575734-1014-2.html,,Added: 3 weeks ago
https://www.zameen.com/Plots/5marla-sale/Lahore_Paragon_City-1014.html,4.8 Marla Plot for Sale in Grove Block paragon City Lahore,PKR 3 Crore,"Paragon City - Grove Block, Paragon City",4.8 Marla,,,https://www.zameen.com/Property/paragon_city_paragon_city_-_grove_block_4_8_marla_plot_for_sale_in_grove_block_paragon_city_lahore-54764043-4118-2.html,,Added: 22 hours ago
https://www.zameen.com/Plots/5marla-sale/Lahore_Paragon_City-1014.html,Corner 5 Marla Residential Plot Ideally Situated In Paragon City - Orchard 1 Block,PKR 1.55 Crore,"Paragon City - Orchard 1 Block, Paragon City",5 Marla,,,https://www.zameen.com/Property/paragon_city_paragon_city_-_orchard_1_block_corner_5_marla_residential_plot_ideally_situated_in_paragon_city_-_orchard_1_block-54292037-9249-2.html,,Added: 23 hours ago
https://www.zameen.com/Plots/5marla-sale/Lahore_Paragon_City-1014.html,Imperial 2 Block Installment Plots Available,PKR 1.25 Crore,"Paragon City, Lahore",5 Marla,,,https://www.zameen.com/Property/lahore_paragon_city_imperial_2_block_installment_plots_available-54578206-1014-2.html,,Added: 23 hours ago
https://www.zameen.com/Plots/5marla-sale/Lahore_Paragon_City-1014.html,Imperial 2 Block Instalment Plotes,PKR 99 Lakh,"Paragon City - Imperial 2 Block, Paragon City",4 Marla,,,https://www.zameen.com/Property/paragon_city_paragon_city_-_imperial_2_block_imperial_2_block_instalment_plotes-54564850-9247-2.html,,Added: 23 hours ago
https://www.zameen.com/Plots/5marla-sale/Lahore_Paragon_City-1014.html,5 Marla Residential Plot - Paragon City Imperial II Block | Booking 5% Only,PKR 1.25 Crore,"Paragon City - Imperial 2 Block, Paragon City",5 Marla,,,https://www.zameen.com/Property/paragon_city_paragon_city_-_imperial_2_block_5_marla_residential_plot_-_paragon_city_imperial_ii_block_booking_5_only-54633909-9247-2.html,,Added: 1 day ago
https://www.zameen.com/Plots/5marla-sale/Lahore_Paragon_City-1014.html,5 Marla Residential Plot - Paragon City Imperial II Block | Booking 5% Only,PKR 1.25 Crore,"Paragon City - Imperial 2 Block, Paragon City",5 Marla,,,https://www.zameen.com/Property/paragon_city_paragon_city_-_imperial_2_block_5_marla_residential_plot_-_paragon_city_imperial_ii_block_booking_5_only-54633868-9247-2.html,,Added: 1 day ago
https://www.zameen.com/Plots/5marla-sale/Lahore_Paragon_City-1014.html,Good Location 4 Marla Commercial Plot In Paragon City - Grove Block For sale,PKR 2.05 Crore,"Paragon City - Grove Block, Paragon City",4 Marla,,,https://www.zameen.com/Property/paragon_city_paragon_city_-_grove_block_good_location_4_marla_commercial_plot_in_paragon_city_-_grove_block_for_sale-54733395-4118-2.html,,Added: 1 day ago
https://www.zameen.com/Plots/5marla-sale/Lahore_Paragon_City-1014.html,Investors Should sale This Prime Location Commercial Plot Located Ideally In Paragon City,PKR 2.6 Crore,"Imperial Garden Homes, Paragon City",4 Marla,,,https://www.zameen.com/Property/paragon_city_imperial_garden_homes_investors_should_sale_this_prime_location_commercial_plot_located_ideally_in_paragon_city-54733647-4119-2.html,,Added: 1 day ago
https://www.zameen.com/Plots/10marla-sale/Lahore_Paragon_City-1014.html,10 Marla Hot Location Plot For Sale Imperial 1,PKR 2.6 Crore,"Paragon City, Lahore",10 Marla,,,https://www.zameen.com/Property/lahore_paragon_city_10_marla_hot_location_plot_for_sale_imperial_1-54739680-1014-2.html,https://media.zameen.com/thumbnails/307228744-400x300.jpeg,Added: 7 hours ago
https://www.zameen.com/Plots/10marla-sale/Lahore_Paragon_City-1014.html,Paragon City Orchard 1 Size 8 Marla Commercial Plot,PKR 2.55 Crore,"Paragon City, Lahore",8 Marla,,,https://www.zameen.com/Property/lahore_paragon_city_paragon_city_orchard_1_size_8_marla_commercial_plot-54701254-1014-2.html,https://media.zameen.com/thumbnails/306858260-400x300.jpeg,Added: 1 week ago
https://www.zameen.com/Plots/10marla-sale/Lahore_Paragon_City-1014.html,Zameen Vault,PKR 2.28 Crore,,,,,,,
https://www.zameen.com/Plots/10marla-sale/Lahore_Paragon_City-1014.html,10 Marla Residential Plot Is Available For Sale In Paragon City Imperial 2 Block Lahore,PKR 2.3 Crore,"Paragon City - Imperial 2 Block, Paragon City",10 Marla,,,https://www.zameen.com/Property/paragon_city_paragon_city_-_imperial_2_block_10_marla_residential_plot_is_available_for_sale_in_paragon_city_imperial_2_block_lahore-54719147-9247-2.html,https://media.zameen.com/thumbnails/307021826-400x300.jpeg,Added: 2 weeks ago
https://www.zameen.com/Plots/10marla-sale/Lahore_Paragon_City-1014.html,10 Marla Residential Plot File Is Available For Sale In Paragon City Imperial 2 Block Lahore,PKR 23 Lakh,"Paragon City - Imperial 2 Block, Paragon City",10 Marla,,,https://www.zameen.com/Property/paragon_city_paragon_city_-_imperial_2_block_10_marla_residential_plot_file_is_available_for_sale_in_paragon_city_imperial_2_block_lahore-54694400-9247-2.html,https://media.zameen.com/thumbnails/306815536-400x300.jpeg,Added: 2 weeks ago
https://www.zameen.com/Plots/10marla-sale/Lahore_Paragon_City-1014.html,Icon Valley Phase 2 - 3 Marla Townhouses,PKR 59.11 Lakh,,,,,,,
https://www.zameen.com/Plots/10marla-sale/Lahore_Paragon_City-1014.html,10 Marla Plot For sale In Paragon City - Imperial 2 Block Lahore,PKR 2.3 Crore,"Paragon City - Imperial 2 Block, Paragon City",10 Marla,,,https://www.zameen.com/Property/paragon_city_paragon_city_-_imperial_2_block_10_marla_plot_for_sale_in_paragon_city_-_imperial_2_block_lahore-54694001-9247-2.html,,Added: 1 day ago
https://www.zameen.com/Plots/10marla-sale/Lahore_Paragon_City-1014.html,10 Marla Residential Plot - Paragon City Imperial II | Booking 11.5 Lac Only,PKR 2.3 Crore,"Paragon City - Imperial 2 Block, Paragon City",10 Marla,,,https://www.zameen.com/Property/paragon_city_paragon_city_-_imperial_2_block_10_marla_residential_plot_-_paragon_city_imperial_ii_booking_11_5_lac_only-54597269-9247-2.html,,Added: 1 week ago
https://www.zameen.com/Plots/10marla-sale/Lahore_Paragon_City-1014.html,10 Marla Plot For Sale On Easy Installment Plan,PKR 2.3 Crore,"Paragon City - Imperial 2 Block, Paragon City",10 Marla,,,https://www.zameen.com/Property/paragon_city_paragon_city_-_imperial_2_block_10_marla_plot_for_sale_on_easy_installment_plan-54749918-9247-2.html,,Added: 16 hours ago
https://www.zameen.com/Plots/10marla-sale/Lahore_Paragon_City-1014.html,10 Marla Plot for Sale in paragon city lahore attractive location,PKR 2.15 Crore,"Paragon City - Orchard Block, Paragon City",10 Marla,,,https://www.zameen.com/Property/paragon_city_paragon_city_-_orchard_block_10_marla_plot_for_sale_in_paragon_city_lahore_attractive_location-54753257-4113-2.html,,Added: 22 hours ago
https://www.zameen.com/Plots/10marla-sale/Lahore_Paragon_City-1014.html,8 Marla COMMERCIAL Plot For Sale In Broadway Commercial Block Paragon City,PKR 3.9 Crore,"Paragon City - Broadway, Paragon City",8 Marla,,,https://www.zameen.com/Property/paragon_city_paragon_city_-_broadway_8_marla_commercial_plot_for_sale_in_broadway_commercial_block_paragon_city-54628879-9248-2.html,,Added: 22 hours ago
https://www.zameen.com/Plots/10marla-sale/Lahore_Paragon_City-1014.html,Imperial 2 Block Instalmant Plane Available,PKR 2.3 Crore,"Paragon City - Imperial 2 Block, Paragon City",10 Marla,,,https://www.zameen.com/Property/paragon_city_paragon_city_-_imperial_2_block_imperial_2_block_instalmant_plane_available-54564986-9247-2.html,,Added: 1 day ago
https://www.zameen.com/Plots/10marla-sale/Lahore_Paragon_City-1014.html,"10 Marla Possession Plot Available For Sale In Orchards Block, Paragon City Lahore",PKR 1.65 Crore,"Paragon City - Orchard Block, Paragon City",10 Marla,,,https://www.zameen.com/Property/paragon_city_paragon_city_-_orchard_block_10_marla_possession_plot_available_for_sale_in_orchards_block_paragon_city_lahore-54323555-4113-2.html,,Added: 1 day ago
https://www.zameen.com/Plots/10marla-sale/Lahore_Paragon_City-1014.html,"COMMERCIAL PLOT FOR SALE IN PARAGON CITY-GROVE BLOCK, LAHORE.",PKR 5.5 Crore,"Paragon City - Grove Block, Paragon City",10.5 Marla,,,https://www.zameen.com/Property/paragon_city_paragon_city_-_grove_block_commercial_plot_for_sale_in_paragon_city-grove_block_lahore-54433347-4118-2.html,,Added: 2 days ago
https://www.zameen.com/Plots/10marla-sale/Lahore_Paragon_City-1014.html,10 Marla Residential Plot Is Available For Sale In Paragon City Imperial 2 Block Lahore,PKR 2.3 Crore,"Paragon City - Imperial 2 Block, Paragon City",10 Marla,,,https://www.zameen.com/Property/paragon_city_paragon_city_-_imperial_2_block_10_marla_residential_plot_is_available_for_sale_in_paragon_city_imperial_2_block_lahore-54725050-9247-2.html,,Added: 2 days ago
https://www.zameen.com/Plots/10marla-sale/Lahore_Paragon_City-1014.html,10 Marla Plot For Sale,PKR 1.95 Crore,"Paragon City, Lahore",10 Marla,,,https://www.zameen.com/Property/lahore_paragon_city_10_marla_plot_for_sale-54291182-1014-2.html,,Added: 3 days ago
https://www.zameen.com/Plots/10marla-sale/Lahore_Paragon_City-1014.html,10 Marla plot Orchard 1 Urgent sale,PKR 2.35 Crore,"Paragon City, Lahore",10 Marla,,,https://www.zameen.com/Property/lahore_paragon_city_10_marla_plot_orchard_1_urgent_sale-54699257-1014-2.html,,Added: 5 days ago
https://www.zameen.com/Plots/10marla-sale/Lahore_Paragon_City-1014.html,10 Marla Corner Plot Available For Sale,PKR 2.4 Crore,"Paragon City, Lahore",10 Marla,,,https://www.zameen.com/Property/lahore_paragon_city_10_marla_corner_plot_available_for_sale-54711611-1014-2.html,,Added: 2 weeks ago
https://www.zameen.com/Plots/10marla-sale/Lahore_Paragon_City-1014.html,Paragon City 8 Marla Prime Commercial Plot For Sale High-Value Location,PKR 1.8 Crore,"Paragon City - Imperial 2 Block, Paragon City",8 Marla,,,https://www.zameen.com/Property/paragon_city_paragon_city_-_imperial_2_block_paragon_city_8_marla_prime_commercial_plot_for_sale_high-value_location-54323577-9247-2.html,,Added: 16 hours ago
https://www.zameen.com/Plots/10marla-sale/Lahore_Paragon_City-1014.html,8 Marl a Plot for Sale in Imperial 2 Block,PKR 1.75 Crore,"Paragon City - Imperial 2 Block, Paragon City",8 Marla,,,https://www.zameen.com/Property/paragon_city_paragon_city_-_imperial_2_block_8_marl_a_plot_for_sale_in_imperial_2_block-54764028-9247-2.html,,Added: 22 hours ago
https://www.zameen.com/Plots/10marla-sale/Lahore_Paragon_City-1014.html,8 marla Commercial plot for sale in Broadway Commercial block,PKR 3 Crore,"Paragon City - Broadway, Paragon City",8 Marla,,,https://www.zameen.com/Property/paragon_city_paragon_city_-_broadway_8_marla_commercial_plot_for_sale_in_broadway_commercial_block-54764008-9248-2.html,,Added: 22 hours ago
https://www.zameen.com/Plots/10marla-sale/Lahore_Paragon_City-1014.html,8 Marla Commercial Plot For Sale In Paragon City Lahore,PKR 2.65 Crore,"Paragon City - Orchard 1 Block, Paragon City",8 Marla,,,https://www.zameen.com/Property/paragon_city_paragon_city_-_orchard_1_block_8_marla_commercial_plot_for_sale_in_paragon_city_lahore-54703275-9249-2.html,,Added: 22 hours ago
https://www.zameen.com/Plots/10marla-sale/Lahore_Paragon_City-1014.html,"10 Marla Possession Plot Available For Sale In Orchards Block, Paragon City Lahore",PKR 1.65 Crore,"Paragon City - Orchard Block, Paragon City",10 Marla,,,https://www.zameen.com/Property/paragon_city_paragon_city_-_orchard_block_10_marla_possession_plot_available_for_sale_in_orchards_block_paragon_city_lahore-53813610-4113-2.html,,Added: 23 hours ago
https://www.zameen.com/Plots/10marla-sale/Lahore_Paragon_City-1014.html,Ideal Location,PKR 2.8 Crore,"Paragon City, Lahore",10 Marla,,,https://www.zameen.com/Property/lahore_paragon_city_ideal_location-54319034-1014-2.html,,Added: 23 hours ago
https://www.zameen.com/Plots/10marla-sale/Lahore_Paragon_City-1014.html,Ideal Location Next To Corner,PKR 5.5 Crore,"Paragon City, Lahore",8 Marla,,,https://www.zameen.com/Property/lahore_paragon_city_ideal_location_next_to_corner-54722659-1014-2.html,,Added: 23 hours ago
https://www.zameen.com/Plots/10marla-sale/Lahore_Paragon_City-1014.html,Stunning Residential Plot Is Available For Sale In Paragon City - Orchard Block,PKR 1.65 Crore,"Paragon City - Orchard Block, Paragon City",10 Marla,,,https://www.zameen.com/Property/paragon_city_paragon_city_-_orchard_block_stunning_residential_plot_is_available_for_sale_in_paragon_city_-_orchard_block-54292036-4113-2.html,,Added: 23 hours ago
https://www.zameen.com/Plots/10marla-sale/Lahore_Paragon_City-1014.html,10 Marla Residential Plot - Paragon City Imperial II | Booking 11.5 Lac Only,PKR 2.3 Crore,"Paragon City - Imperial 2 Block, Paragon City",10 Marla,,,https://www.zameen.com/Property/paragon_city_paragon_city_-_imperial_2_block_10_marla_residential_plot_-_paragon_city_imperial_ii_booking_11_5_lac_only-54634067-9247-2.html,,Added: 1 day ago
https://www.zameen.com/Plots/1kanal-sale/Lahore_Paragon_City-1014.html,1 Kanal Resident Plot For Sale Block Woods,PKR 3.35 Crore,"Paragon City - Woods Block, Paragon City",1 Kanal,,,https://www.zameen.com/Property/paragon_city_paragon_city_-_woods_block_1_kanal_resident_plot_for_sale_block_woods-54727761-4114-2.html,https://images.zameen.com/smap/400/300/31.537589387/74.466852519/image.jpeg?quality=80&imageformat=jpeg,Added: 2 days ago
https://www.zameen.com/Plots/1kanal-sale/Lahore_Paragon_City-1014.html,1 Kanal Plot For Sale In Paragon City,PKR 3.25 Crore,"Paragon City, Lahore",1 Kanal,,,https://www.zameen.com/Property/lahore_paragon_city_1_kanal_plot_for_sale_in_paragon_city-54495918-1014-2.html,https://media.zameen.com/thumbnails/304898128-400x300.jpeg,Added: 10 hours ago
https://www.zameen.com/Plots/1kanal-sale/Lahore_Paragon_City-1014.html,Zameen Vault,PKR 2.28 Crore,,,,,,,
https://www.zameen.com/Plots/1kanal-sale/Lahore_Paragon_City-1014.html,Exclusive 1 Kanal Plot In Paragon City Prime Location | Ready For Investment,PKR 3.3 Crore,"Paragon City - Orchard Block, Paragon City",1 Kanal,,,https://www.zameen.com/Property/paragon_city_paragon_city_-_orchard_block_exclusive_1_kanal_plot_in_paragon_city_prime_location_ready_for_investment-54284180-4113-2.html,https://media.zameen.com/thumbnails/300012217-400x300.jpeg,Added: 1 day ago
https://www.zameen.com/Plots/1kanal-sale/Lahore_Paragon_City-1014.html,1 Kanal Plot For Sale,PKR 3 Crore,"Paragon City, Lahore",1 Kanal,,,https://www.zameen.com/Property/lahore_paragon_city_1_kanal_plot_for_sale-54291184-1014-2.html,https://media.zameen.com/thumbnails/302169774-400x300.jpeg,Added: 3 days ago
https://www.zameen.com/Plots/1kanal-sale/Lahore_Paragon_City-1014.html,Icon Valley Phase 2,PKR 1.19 Crore,,,,,,,
https://www.zameen.com/Plots/1kanal-sale/Lahore_Paragon_City-1014.html,Ready To Build 1 Kannal Plot For Sale In Woods Block Paragon City Lahore,PKR 3.5 Crore,"Paragon City - Woods Block, Paragon City",1 Kanal,,,https://www.zameen.com/Property/paragon_city_paragon_city_-_woods_block_ready_to_build_1_kannal_plot_for_sale_in_woods_block_paragon_city_lahore-54629185-4114-2.html,,Added: 5 days ago
https://www.zameen.com/Plots/1kanal-sale/Lahore_Paragon_City-1014.html,1 Kanal Plot For Sale In Paragon City Lahore ORCHARD BLOCK,PKR 3.35 Crore,"Paragon City - Orchard Block, Paragon City",1 Kanal,,,https://www.zameen.com/Property/paragon_city_paragon_city_-_orchard_block_1_kanal_plot_for_sale_in_paragon_city_lahore_orchard_block-54696133-4113-2.html,,Added: 5 days ago
https://www.zameen.com/Plots/1kanal-sale/Lahore_Paragon_City-1014.html,Exclusive 1 Kanal Plot In Paragon City Prime Location Ready For Investment,PKR 3.2 Crore,"Paragon City - Orchard Block, Paragon City",1 Kanal,,,https://www.zameen.com/Property/paragon_city_paragon_city_-_orchard_block_exclusive_1_kanal_plot_in_paragon_city_prime_location_ready_for_investment-54323566-4113-2.html,,Added: 2 weeks ago
https://www.zameen.com/Plots/1kanal-sale/Lahore_Paragon_City-1014.html,18 Marla Plot for Sale in Imperial Block at main boulevard,PKR 4.5 Crore,"Paragon City - Imperial Block, Paragon City",0.9 Kanal,,,https://www.zameen.com/Property/paragon_city_paragon_city_-_imperial_block_18_marla_plot_for_sale_in_imperial_block_at_main_boulevard-54764121-9245-2.html,,Added: 21 hours ago
https://www.zameen.com/Plots/1kanal-sale/Lahore_Paragon_City-1014.html,1 Kanal Commercial Plot For Sale In Office Block | High Street Block In Paragon City Lahore,PKR 8 Crore,"Paragon City - Office Block, Paragon City",1 Kanal,,,https://www.zameen.com/Property/paragon_city_paragon_city_-_office_block_1_kanal_commercial_plot_for_sale_in_office_block_high_street_block_in_paragon_city_lahore-54629958-9250-2.html,,Added: 22 hours ago
https://www.zameen.com/Plots/1kanal-sale/Lahore_Paragon_City-1014.html,Kanal POSSESSION Plot Available For Sale In PARAGON CITY LAHORE,PKR 3 Crore,"Paragon City, Lahore",1 Kanal,,,https://www.zameen.com/Property/lahore_paragon_city_kanal_possession_plot_available_for_sale_in_paragon_city_lahore-53830850-1014-2.html,,Added: 23 hours ago
https://www.zameen.com/Plots/1kanal-sale/Lahore_Paragon_City-1014.html,Prime Location Commercial Plot For sale In Paragon City - Office Block Lahore,PKR 7.5 Crore,"Paragon City - Office Block, Paragon City",1 Kanal,,,https://www.zameen.com/Property/paragon_city_paragon_city_-_office_block_prime_location_commercial_plot_for_sale_in_paragon_city_-_office_block_lahore-54733650-9250-2.html,,Added: 1 day ago
https://www.zameen.com/Plots/1kanal-sale/Lahore_Paragon_City-1014.html,MAIN BOULEVARD 1 KANAL PLOT FOR SALE,PKR 3.45 Crore,"Paragon City - Woods Block, Paragon City",1 Kanal,,,https://www.zameen.com/Property/paragon_city_paragon_city_-_woods_block_main_boulevard_1_kanal_plot_for_sale-54756686-4114-2.html,,Added: 2 days ago
https://www.zameen.com/Plots/1kanal-sale/Lahore_Paragon_City-1014.html,20 Marla Plot For Sale In ORCHARD 1 Block In Paragon City Lahore,PKR 4.1 Crore,"Paragon City - Orchard 1 Block, Paragon City",1 Kanal,,,https://www.zameen.com/Property/paragon_city_paragon_city_-_orchard_1_block_20_marla_plot_for_sale_in_orchard_1_block_in_paragon_city_lahore-54696188-9249-2.html,,Added: 5 days ago
https://www.zameen.com/Plots/1kanal-sale/Lahore_Paragon_City-1014.html,Ideal Location Near To Main Barki Road,PKR 4.5 Crore,"Paragon City, Lahore",0.9 Kanal,,,https://www.zameen.com/Property/lahore_paragon_city_ideal_location_near_to_main_barki_road-54705732-1014-2.html,,Added: 1 week ago
https://www.zameen.com/Plots/1kanal-sale/Lahore_Paragon_City-1014.html,18 Marla Prime Residential Plot For Sale In Paragon City Near Airport | Ideal Investment Opportunity,PKR 3.85 Crore,"Paragon City, Lahore",0.9 Kanal,,,https://www.zameen.com/Property/lahore_paragon_city_18_marla_prime_residential_plot_for_sale_in_paragon_city_near_airport_ideal_investment_opportunity-54375458-1014-2.html,,Added: 1 week ago
https://www.zameen.com/Plots/1kanal-sale/Lahore_Paragon_City-1014.html,Residential Plot For sale Is Readily Available In Prime Location Of Paragon City - Woods 1 Block,PKR 3 Crore,"Paragon City - Woods 1 Block, Paragon City",1 Kanal,,,https://www.zameen.com/Property/paragon_city_paragon_city_-_woods_1_block_residential_plot_for_sale_is_readily_available_in_prime_location_of_paragon_city_-_woods_1_block-54208487-16781-2.html,,Added: 2 weeks ago
https://www.zameen.com/Plots/1kanal-sale/Lahore_Paragon_City-1014.html,Ideal Location,PKR 4.35 Crore,"Paragon City, Lahore",1 Kanal,,,https://www.zameen.com/Property/lahore_paragon_city_ideal_location-54390604-1014-2.html,,Added: 4 weeks ago
https://www.zameen.com/Plots/1kanal-sale/Lahore_Paragon_City-1014.html,Ideal Residential Plot For sale In Paragon City - Imperial Block,PKR 4.2 Crore,"Paragon City - Imperial Block, Paragon City",0.9 Kanal,,,https://www.zameen.com/Property/paragon_city_paragon_city_-_imperial_block_ideal_residential_plot_for_sale_in_paragon_city_-_imperial_block-54285368-9245-2.html,,Added: 1 month ago
https://www.zameen.com/Rentals/4marla-sale/Lahore_Paragon_City-1014.html,4 Marla Upper Portion For Rent Paragon City,PKR 50 Thousand,"Paragon City - Orchard Block, Paragon City",4 Marla,2,2,https://www.zameen.com/Property/paragon_city_paragon_city_-_orchard_block_4_marla_upper_portion_for_rent_paragon_city-54750184-4113-4.html,https://media.zameen.com/thumbnails/307327048-400x300.jpeg,Added: 4 days ago
https://www.zameen.com/Rentals/4marla-sale/Lahore_Paragon_City-1014.html,Paragon City Lahore 3.5 M House For Rent Near Park Comm Masjid School,PKR 70 Thousand,"Paragon City, Lahore",3.5 Marla,3,4,https://www.zameen.com/Property/lahore_paragon_city_paragon_city_lahore_3_5_m_house_for_rent_near_park_comm_masjid_school-54744420-1014-4.html,https://media.zameen.com/thumbnails/307272367-400x300.jpeg,Added: 5 days ago
https://www.zameen.com/Rentals/4marla-sale/Lahore_Paragon_City-1014.html,Zameen Arx,PKR 3.08 Crore,,,,,,,
https://www.zameen.com/Rentals/4marla-sale/Lahore_Paragon_City-1014.html,Paragon City House Sized 4 Marla For Rent,PKR 70 Thousand,"Paragon City, Lahore",4 Marla,3,3,https://www.zameen.com/Property/lahore_paragon_city_paragon_city_house_sized_4_marla_for_rent-53573730-1014-4.html,https://media.zameen.com/thumbnails/305989152-400x300.jpeg,Added: 3 weeks ago
https://www.zameen.com/Rentals/5marla-sale/Lahore_Paragon_City-1014.html,5 Marla House For Rent In Paragon City Lahore,PKR 80 Thousand,"Paragon City, Lahore",5 Marla,3,4,https://www.zameen.com/Property/lahore_paragon_city_5_marla_house_for_rent_in_paragon_city_lahore-46069739-1014-4.html,https://media.zameen.com/thumbnails/299708301-400x300.jpeg,Added: 3 days ago
https://www.zameen.com/Rentals/5marla-sale/Lahore_Paragon_City-1014.html,BEAUTIFUL HOUSE AVAILABLE FOR RENT,PKR 1 Lakh,"Paragon City, Lahore",5 Marla,3,4,https://www.zameen.com/Property/lahore_paragon_city_beautiful_house_available_for_rent-54295781-1014-4.html,https://media.zameen.com/thumbnails/305951913-400x300.jpeg,Added: 3 days ago
https://www.zameen.com/Rentals/5marla-sale/Lahore_Paragon_City-1014.html,Zameen Vault,PKR 2.28 Crore,,,,,,,
https://www.zameen.com/Rentals/5marla-sale/Lahore_Paragon_City-1014.html,5 Marla house for rent paragon city,PKR 1.1 Lakh,"Paragon City - Orchard 1 Block, Paragon City",5 Marla,3,4,https://www.zameen.com/Property/paragon_city_paragon_city_-_orchard_1_block_5_marla_house_for_rent_paragon_city-54716205-9249-4.html,https://media.zameen.com/thumbnails/306999461-400x300.jpeg,Added: 1 week ago
https://www.zameen.com/Rentals/5marla-sale/Lahore_Paragon_City-1014.html,5 MARLA HOUSE FOR RENT IN PARAGON CITY LAHORE,PKR 80 Thousand,"Paragon City, Lahore",5 Marla,3,4,https://www.zameen.com/Property/lahore_paragon_city_5_marla_house_for_rent_in_paragon_city_lahore-45237798-1014-4.html,https://media.zameen.com/thumbnails/301151718-400x300.jpeg,Added: 10 hours ago
https://www.zameen.com/Rentals/5marla-sale/Lahore_Paragon_City-1014.html,Marbella Drive Residency,PKR 69.87 Lakh,,,,,,,
https://www.zameen.com/Rentals/5marla-sale/Lahore_Paragon_City-1014.html,5 MARLA HOUSE FOR RENT IN PARAGON CITY LAHORE,PKR 80 Thousand,"Paragon City, Lahore",5 Marla,3,4,https://www.zameen.com/Property/lahore_paragon_city_5_marla_house_for_rent_in_paragon_city_lahore-45421417-1014-4.html,,Added: 3 days ago
https://www.zameen.com/Rentals/5marla-sale/Lahore_Paragon_City-1014.html,5 Marla House For Rent,PKR 90 Thousand,"Paragon City, Lahore",5 Marla,3,3,https://www.zameen.com/Property/lahore_paragon_city_5_marla_house_for_rent-54031611-1014-4.html,,Added: 3 days ago
https://www.zameen.com/Rentals/5marla-sale/Lahore_Paragon_City-1014.html,5 MARLA HOUSE FOR RENT IN PARAGON CITY LAHORE,PKR 80 Thousand,"Paragon City, Lahore",5 Marla,3,4,https://www.zameen.com/Property/lahore_paragon_city_5_marla_house_for_rent_in_paragon_city_lahore-45200311-1014-4.html,,Added: 4 days ago
https://www.zameen.com/Rentals/5marla-sale/Lahore_Paragon_City-1014.html,Paragon City Lahore Orchards Green 5 Marla New House For Rent Near Park Comm Masjid School,PKR 1.1 Lakh,"Paragon City - Orchard Block, Paragon City",5 Marla,3,4,https://www.zameen.com/Property/paragon_city_paragon_city_-_orchard_block_paragon_city_lahore_orchards_green_5_marla_new_house_for_rent_near_park_comm_masjid_school-54747941-4113-4.html,,Added: 4 days ago
https://www.zameen.com/Rentals/5marla-sale/Lahore_Paragon_City-1014.html,Paragon City Lahore 5 Marla House For Rent Near Park Comm Masjid School New House,PKR 1.1 Lakh,"Paragon City, Lahore",5 Marla,3,4,https://www.zameen.com/Property/lahore_paragon_city_paragon_city_lahore_5_marla_house_for_rent_near_park_comm_masjid_school_new_house-54749638-1014-4.html,,Added: 4 days ago
https://www.zameen.com/Rentals/5marla-sale/Lahore_Paragon_City-1014.html,5 MARLA HOUSE FOR RENT IN PARAGON CITY LAHORE,PKR 80 Thousand,"Paragon City, Lahore",5 Marla,3,4,https://www.zameen.com/Property/lahore_paragon_city_5_marla_house_for_rent_in_paragon_city_lahore-45663792-1014-4.html,,Added: 2 weeks ago
https://www.zameen.com/Rentals/5marla-sale/Lahore_Paragon_City-1014.html,5 Marla House For Rent In Paragon City Lahore,PKR 80 Thousand,"Paragon City, Lahore",5 Marla,3,4,https://www.zameen.com/Property/lahore_paragon_city_5_marla_house_for_rent_in_paragon_city_lahore-45644866-1014-4.html,,Added: 3 weeks ago
https://www.zameen.com/Rentals/5marla-sale/Lahore_Paragon_City-1014.html,5 MARLA HOUSE FOR RENT IN PARAGON CITY LAHORE,PKR 85 Thousand,"Paragon City, Lahore",5 Marla,3,4,https://www.zameen.com/Property/lahore_paragon_city_5_marla_house_for_rent_in_paragon_city_lahore-45696946-1014-4.html,,Added: 3 weeks ago
https://www.zameen.com/Rentals/5marla-sale/Lahore_Paragon_City-1014.html,5 MARLA HOUSE FOR RENT IN PARAGON CITY LAHORE,PKR 80 Thousand,"Paragon City, Lahore",5 Marla,3,4,https://www.zameen.com/Property/lahore_paragon_city_5_marla_house_for_rent_in_paragon_city_lahore-48081053-1014-4.html,,Added: 3 weeks ago
https://www.zameen.com/Rentals/5marla-sale/Lahore_Paragon_City-1014.html,5 MARLA HOUSE FOR RENT IN PARAGON CITY LAHORE,PKR 85 Thousand,"Paragon City, Lahore",5 Marla,3,4,https://www.zameen.com/Property/lahore_paragon_city_5_marla_house_for_rent_in_paragon_city_lahore-44740267-1014-4.html,,Added: 5 hours ago
https://www.zameen.com/Rentals/5marla-sale/Lahore_Paragon_City-1014.html,5 Marla House,PKR 95 Thousand,"Paragon City, Lahore",5 Marla,3,4,https://www.zameen.com/Property/lahore_paragon_city_5_marla_house-54522878-1014-4.html,,Added: 6 hours ago
https://www.zameen.com/Rentals/5marla-sale/Lahore_Paragon_City-1014.html,5 MARLA HOUSE FOR RENT IN PARAGON CITY LAHORE,PKR 75 Thousand,"Paragon City, Lahore",5 Marla,3,4,https://www.zameen.com/Property/lahore_paragon_city_5_marla_house_for_rent_in_paragon_city_lahore-45112090-1014-4.html,,Added: 8 hours ago
https://www.zameen.com/Rentals/5marla-sale/Lahore_Paragon_City-1014.html,5 Marla house for rent imperial 1 paragon city,PKR 1 Lakh,"Paragon City - Imperial 1 Block, Paragon City",5 Marla,3,4,https://www.zameen.com/Property/paragon_city_paragon_city_-_imperial_1_block_5_marla_house_for_rent_imperial_1_paragon_city-54764696-9246-4.html,,Added: 10 hours ago
https://www.zameen.com/Rentals/5marla-sale/Lahore_Paragon_City-1014.html,Furnished Apartment For Rent DAY/MONTH In Paragon City,PKR 50 Thousand,"Paragon City, Lahore",5 Marla,2,2,https://www.zameen.com/Property/lahore_paragon_city_furnished_apartment_for_rent_day_month_in_paragon_city-54759866-1014-4.html,,Added: 2 days ago
https://www.zameen.com/Rentals/5marla-sale/Lahore_Paragon_City-1014.html,House Of 5 Marla In Paragon City For Rent,PKR 85 Thousand,"Paragon City, Lahore",5 Marla,3,4,https://www.zameen.com/Property/lahore_paragon_city_house_of_5_marla_in_paragon_city_for_rent-54745415-1014-4.html,,Added: 1 day ago
https://www.zameen.com/Rentals/5marla-sale/Lahore_Paragon_City-1014.html,FURNISHED 5 MARLA UPPER PORTION FOR RENT IN PARAGON CITY LAHORE,PKR 50 Thousand,"Paragon City, Lahore",5 Marla,2,3,https://www.zameen.com/Property/lahore_paragon_city_furnished_5_marla_upper_portion_for_rent_in_paragon_city_lahore-45646795-1014-4.html,,Added: 3 days ago
https://www.zameen.com/Rentals/5marla-sale/Lahore_Paragon_City-1014.html,5 Marla Furnished Upper Portion For Rebr,PKR 60 Thousand,"Paragon City, Lahore",5 Marla,2,2,https://www.zameen.com/Property/lahore_paragon_city_5_marla_furnished_upper_portion_for_rebr-54754375-1014-4.html,,Added: 3 days ago
https://www.zameen.com/Rentals/5marla-sale/Lahore_Paragon_City-1014.html,4 Marla Upper Portion For Rent Paragon City,PKR 50 Thousand,"Paragon City - Orchard Block, Paragon City",4 Marla,2,2,https://www.zameen.com/Property/paragon_city_paragon_city_-_orchard_block_4_marla_upper_portion_for_rent_paragon_city-54750184-4113-4.html,,Added: 4 days ago
https://www.zameen.com/Rentals/5marla-sale/Lahore_Paragon_City-1014.html,5 MARLA HOUSE FOR RENT IN PARAGON CITY LAHORE,PKR 85 Thousand,"Paragon City, Lahore",5 Marla,3,4,https://www.zameen.com/Property/lahore_paragon_city_5_marla_house_for_rent_in_paragon_city_lahore-45621161-1014-4.html,,Added: 4 days ago
https://www.zameen.com/Rentals/5marla-sale/Lahore_Paragon_City-1014.html,5 M Upper Portion Fully Furnish For Rent Near Park Comm Masjid School,PKR 55 Thousand,"Paragon City - Imperial 1 Block, Paragon City",5 Marla,2,2,https://www.zameen.com/Property/paragon_city_paragon_city_-_imperial_1_block_5_m_upper_portion_fully_furnish_for_rent_near_park_comm_masjid_school-54752880-9246-4.html,,Added: 3 days ago
https://www.zameen.com/Rentals/5marla-sale/Lahore_Paragon_City-1014.html,5 Marla Upper Portion For Rent,PKR 42 Thousand,"Paragon City, Lahore",5 Marla,2,2,https://www.zameen.com/Property/lahore_paragon_city_5_marla_upper_portion_for_rent-54291142-1014-4.html,,Added: 3 days ago
https://www.zameen.com/Rentals/10marla-sale/Lahore_Paragon_City-1014.html,10 Marla House For Rent In Paragon City Lahore,PKR 1.5 Lakh,"Paragon City, Lahore",10 Marla,5,6,https://www.zameen.com/Property/lahore_paragon_city_10_marla_house_for_rent_in_paragon_city_lahore-45895798-1014-4.html,https://media.zameen.com/thumbnails/301979738-400x300.jpeg,Added: 3 weeks ago
https://www.zameen.com/Rentals/10marla-sale/Lahore_Paragon_City-1014.html,10 MARLA PORTION FOR RENT IN PARAGON CITY LAHORE,PKR 70 Thousand,"Paragon City, Lahore",10 Marla,3,4,https://www.zameen.com/Property/lahore_paragon_city_10_marla_portion_for_rent_in_paragon_city_lahore-45680522-1014-4.html,https://media.zameen.com/thumbnails/301985422-400x300.jpeg,Added: 4 weeks ago
https://www.zameen.com/Rentals/10marla-sale/Lahore_Paragon_City-1014.html,Zameen Arx,PKR 3.08 Crore,,,,,,,
https://www.zameen.com/Rentals/10marla-sale/Lahore_Paragon_City-1014.html,10 MARLA UPPER PORTION FOR RENT IN PARAGON CITY LAHORE,PKR 70 Thousand,"Paragon City, Lahore",10 Marla,3,4,https://www.zameen.com/Property/lahore_paragon_city_10_marla_upper_portion_for_rent_in_paragon_city_lahore-45264111-1014-4.html,https://media.zameen.com/thumbnails/299651282-400x300.jpeg,Added: 21 hours ago
https://www.zameen.com/Rentals/10marla-sale/Lahore_Paragon_City-1014.html,12 Marla Upper Portion For Rent With 3 Beds,PKR 80 Thousand,"Paragon City, Lahore",12 Marla,3,3,https://www.zameen.com/Property/lahore_paragon_city_12_marla_upper_portion_for_rent_with_3_beds-54563346-1014-4.html,https://media.zameen.com/thumbnails/305543623-400x300.jpeg,Added: 22 hours ago
https://www.zameen.com/Rentals/10marla-sale/Lahore_Paragon_City-1014.html,Icon Valley Phase 2 - Roman Block,PKR 81.74 Lakh,,,,,,,
https://www.zameen.com/Rentals/10marla-sale/Lahore_Paragon_City-1014.html,10 MARLA UPPER PORTION FOR RENT IN PARAGON CITY LAHORE,PKR 70 Thousand,"Paragon City, Lahore",10 Marla,3,4,https://www.zameen.com/Property/lahore_paragon_city_10_marla_upper_portion_for_rent_in_paragon_city_lahore-45622456-1014-4.html,,Added: 3 days ago
https://www.zameen.com/Rentals/10marla-sale/Lahore_Paragon_City-1014.html,10 Marla Upper Portion For Rent,PKR 75 Thousand,"Paragon City, Lahore",10 Marla,3,3,https://www.zameen.com/Property/lahore_paragon_city_10_marla_upper_portion_for_rent-54291190-1014-4.html,,Added: 3 days ago
https://www.zameen.com/Rentals/10marla-sale/Lahore_Paragon_City-1014.html,10 Marla Upper Portion For Rent In Paragon City Lahore,PKR 75 Thousand,"Paragon City, Lahore",10 Marla,3,3,https://www.zameen.com/Property/lahore_paragon_city_10_marla_upper_portion_for_rent_in_paragon_city_lahore-47658229-1014-4.html,,Added: 1 week ago
https://www.zameen.com/Rentals/10marla-sale/Lahore_Paragon_City-1014.html,10 Marla House For Rent In Paragon City Lahore,PKR 1.55 Lakh,"Paragon City, Lahore",10 Marla,5,5,https://www.zameen.com/Property/lahore_paragon_city_10_marla_house_for_rent_in_paragon_city_lahore-45625682-1014-4.html,,Added: 1 week ago
https://www.zameen.com/Rentals/10marla-sale/Lahore_Paragon_City-1014.html,10 MARLA HOUSE FOR RENT IN PARAGON CITY LAHORE,PKR 1.5 Lakh,"Paragon City, Lahore",10 Marla,5,5,https://www.zameen.com/Property/lahore_paragon_city_10_marla_house_for_rent_in_paragon_city_lahore-45647546-1014-4.html,,Added: 3 weeks ago
https://www.zameen.com/Rentals/10marla-sale/Lahore_Paragon_City-1014.html,10 Marla Lower Portion For Rent In Paragon City Lahore,PKR 75 Thousand,"Paragon City, Lahore",10 Marla,2,3,https://www.zameen.com/Property/lahore_paragon_city_10_marla_lower_portion_for_rent_in_paragon_city_lahore-49844324-1014-4.html,,Added: 3 weeks ago
https://www.zameen.com/Rentals/10marla-sale/Lahore_Paragon_City-1014.html,10 MARLA UPPER PORTION FOR RENT IN PARAGON CITY LAHORE,PKR 70 Thousand,"Paragon City, Lahore",10 Marla,3,4,https://www.zameen.com/Property/lahore_paragon_city_10_marla_upper_portion_for_rent_in_paragon_city_lahore-45186432-1014-4.html,,Added: 3 weeks ago
https://www.zameen.com/Rentals/10marla-sale/Lahore_Paragon_City-1014.html,10 MARLA PORTION FOR RENT IN PARAGON CITY LAHORE,PKR 70 Thousand,"Paragon City, Lahore",10 Marla,3,4,https://www.zameen.com/Property/lahore_paragon_city_10_marla_portion_for_rent_in_paragon_city_lahore-45639450-1014-4.html,,Added: 3 weeks ago
https://www.zameen.com/Rentals/10marla-sale/Lahore_Paragon_City-1014.html,12 Marla Upper Portion For Rent In Paragon City Lahore,PKR 80 Thousand,"Paragon City, Lahore",12 Marla,3,4,https://www.zameen.com/Property/lahore_paragon_city_12_marla_upper_portion_for_rent_in_paragon_city_lahore-45629354-1014-4.html,,Added: 3 weeks ago
https://www.zameen.com/Rentals/10marla-sale/Lahore_Paragon_City-1014.html,12 Marla House For Rent In Paragon City Lahore,PKR 1.6 Lakh,"Paragon City, Lahore",12 Marla,5,5,https://www.zameen.com/Property/lahore_paragon_city_12_marla_house_for_rent_in_paragon_city_lahore-46370383-1014-4.html,,Added: 3 weeks ago
https://www.zameen.com/Rentals/10marla-sale/Lahore_Paragon_City-1014.html,10 Marla Upper Portion For Rent In Paragon City Lahore,PKR 70 Thousand,"Paragon City, Lahore",10 Marla,3,4,https://www.zameen.com/Property/lahore_paragon_city_10_marla_upper_portion_for_rent_in_paragon_city_lahore-45678612-1014-4.html,,Added: 3 weeks ago
https://www.zameen.com/Rentals/10marla-sale/Lahore_Paragon_City-1014.html,10 MARLA PORTION FOR RENT IN PARAGON CITY LAHORE,PKR 70 Thousand,"Paragon City, Lahore",10 Marla,3,3,https://www.zameen.com/Property/lahore_paragon_city_10_marla_portion_for_rent_in_paragon_city_lahore-45244072-1014-4.html,,Added: 2 hours ago
https://www.zameen.com/Rentals/10marla-sale/Lahore_Paragon_City-1014.html,Upper Portion For Rent With Gass At The Prime Location In Paragon City Grove Block,PKR 90 Thousand,"Paragon City - Grove Block, Paragon City",10 Marla,3,3,https://www.zameen.com/Property/paragon_city_paragon_city_-_grove_block_upper_portion_for_rent_with_gass_at_the_prime_location_in_paragon_city_grove_block-54759142-4118-4.html,,Added: 4 hours ago
https://www.zameen.com/Rentals/10marla-sale/Lahore_Paragon_City-1014.html,10 MARLA HOUSE FOR RENT IN PARAGON CITY LAHORE,PKR 1.5 Lakh,"Paragon City, Lahore",10 Marla,5,6,https://www.zameen.com/Property/lahore_paragon_city_10_marla_house_for_rent_in_paragon_city_lahore-45114480-1014-4.html,,Added: 1 day ago
https://www.zameen.com/Rentals/10marla-sale/Lahore_Paragon_City-1014.html,10 MARLA PORTION FOR RENT IN PARAGON CITY LAHORE,PKR 70 Thousand,"Paragon City, Lahore",10 Marla,3,4,https://www.zameen.com/Property/lahore_paragon_city_10_marla_portion_for_rent_in_paragon_city_lahore-45147735-1014-4.html,,Added: 1 day ago
https://www.zameen.com/Rentals/10marla-sale/Lahore_Paragon_City-1014.html,10 Marla House For Rent In Paragon City Lahore,PKR 1.4 Lakh,"Paragon City, Lahore",10 Marla,5,5,https://www.zameen.com/Property/lahore_paragon_city_10_marla_house_for_rent_in_paragon_city_lahore-50454698-1014-4.html,,Added: 6 days ago
https://www.zameen.com/Rentals/10marla-sale/Lahore_Paragon_City-1014.html,10 Marla Lower Portion For Rent,PKR 85 Thousand,"Paragon City, Lahore",10 Marla,2,3,https://www.zameen.com/Property/lahore_paragon_city_10_marla_lower_portion_for_rent-54739713-1014-4.html,,Added: 1 week ago
https://www.zameen.com/Rentals/10marla-sale/Lahore_Paragon_City-1014.html,10 Marla House For Rent In Paragon City Lahore,PKR 1.6 Lakh,"Paragon City, Lahore",10 Marla,5,6,https://www.zameen.com/Property/lahore_paragon_city_10_marla_house_for_rent_in_paragon_city_lahore-45632074-1014-4.html,,Added: 1 week ago
https://www.zameen.com/Rentals/10marla-sale/Lahore_Paragon_City-1014.html,In Paragon City Upper Portion For rent Sized 10 Marla,PKR 80 Thousand,"Paragon City, Lahore",10 Marla,3,3,https://www.zameen.com/Property/lahore_paragon_city_in_paragon_city_upper_portion_for_rent_sized_10_marla-54335811-1014-4.html,,Added: 5 days ago
https://www.zameen.com/Rentals/10marla-sale/Lahore_Paragon_City-1014.html,12 Marla House For Rent In Paragon City,PKR 1.85 Lakh,"Paragon City, Lahore",12 Marla,5,5,https://www.zameen.com/Property/lahore_paragon_city_12_marla_house_for_rent_in_paragon_city-54730546-1014-4.html,,Added: 1 week ago
https://www.zameen.com/Rentals/10marla-sale/Lahore_Paragon_City-1014.html,10 Marla House For Rent In Paragon City Lahore,PKR 1.5 Lakh,"Paragon City, Lahore",10 Marla,5,6,https://www.zameen.com/Property/lahore_paragon_city_10_marla_house_for_rent_in_paragon_city_lahore-45714470-1014-4.html,,Added: 1 week ago
